Date,Brand,Collaboration,Style,Colorway,B Absent,Weekend,Holiday
2017-09-05,Jordan,,11,Legend Blue,,,
2017-09-06,Nike,,Sb Blazer low xt,,,,
2017-09-07,Converse , Comme de Garcon Play ,Chuck Taylor,,,,
2017-09-08,Nike,,Flyknit Trainer,White Black,,,
2017-09-09,,,,,,x,
2017-09-10,,,,,,x,
2017-09-11,Adidas,,Giselle,,,,
2017-09-12,Nike,,Air Max 97,,,,
2017-09-13,Nike,,VaporMax,Pure  Platinum,,,
2017-09-14,Vans,,Authentic,,,,
2017-09-15,Adidas,,Stan Smith,,,,
2017-09-16,,,,,,x,
2017-09-17,,,,,,x,
2017-09-18,Nike ,,KD 10,,,,
2017-09-19,Nike,,Kobe 9 elite low,Hypergrape ,,,
2017-09-20,Nike,,Air Max 97,,,,
2017-09-21,,,,,,,x
2017-09-22,Nike ,,LunarEpic Flyknit,,,,
2017-09-23,,,,,,x,
2017-09-24,,,,,,x,
2017-09-25,Vans,Supreme,Sk8 hi,Checkered Blue,,,
2017-09-26,Nike,,Cortez,,,,
2017-09-27,Nike,,Air Max 1 Anniversary,Anniversary Red,,,
2017-09-28,Nike,,LunarEpic Flyknit,,,,
2017-09-29,Jordan,,12,French Blue,,,
2017-09-30,,,,,,x,
2017-10-01,,,,,,x,
2017-10-02,Cole Haan,Nike,Leather Lunargrand,,,,
2017-10-03,Nike,NikeLab,Air Max Woven,,,,
2017-10-04,Jordan,,7,Hare,,,
2017-10-05,Nike,,Kyrie 3,Samurai,,,
2017-10-06,Nike,,LeBron 8 low,Sprite,,,
2017-10-07,,,,,,x,
2017-10-08,,,,,,x,
2017-10-09,,,,,,,x
2017-10-10,Nike,,LunarEpic Low Flyknit 2 ,,,,
2017-10-10,Nike,,VaporMax,Blue Navy,,,
2017-10-11,Jordan,,11,Cool Gray,,,
2017-10-12,Nike,,Air Max 95,Neon,,,
2017-10-13,Nike,,Air Force 1 Mid 07,,,,
2017-10-14,,,,,,x,
2017-10-15,,,,,,x,
2017-10-16,Nike ,,Air Max Zero,,,,
2017-10-17,Jordan,,11,Space Jam,,,
2017-10-18,Nike,,Air Max LD-Zero,,,,
2017-10-19,Nike,,Air Foamposite one,Royal,,,
2017-10-20,Nike,,LeBron 14,Out of Nowhere,,,
2017-10-21,,,,,,x,
2017-10-22,,,,,,x,
2017-10-23,Adidas,,Ultra Boost 3.0,Bronze,,,
2017-10-24,Jordan,,11,Concord,,,
2017-10-25,Jordan,,5,Wolf Grey,,,
2017-10-26,Nike,Kanye West,Air Max 1,Master Master,,,
2017-10-27,,,,,x,,
2017-10-28,,,,,,x,
2017-10-29,,,,,,x,
2017-10-30,,,,,x,,
2017-10-31,,,,,x,,
2017-11-01,,,,,x,,
2017-11-02,,,,,x,,
2017-11-03,,,,,x,,
2017-11-04,,,,,,x,
2017-11-05,,,,,,x,
2017-11-06,Nike,,Air Max 95,Neon,,,
2017-11-07,Nike,,Air Max 1 Anniversary,Anniversary Blue,,,
2017-11-08,Jordan,,12,Playoff,,,
2017-11-09,Nike,,Kyrie 2,Xmas,,,
2017-11-10,,,,,,,
2017-11-11,,,,,,,
2017-11-12,,,,,,,
2017-11-13,Jordan,, 11 Low,Gum Bottom,,,
2017-11-14,Nike ,,Kobe 9 elite low,Beethoven,,,
2017-11-15,,,,,x,,
2017-11-16,,,,,x,,
2017-11-17,,,,,x,,
2017-11-18,,,,,,x,
2017-11-19,,,,,,x,
2017-11-20,Jordan,,12,Playoff,,,
2017-11-21,Nike,,Vapormax,Pure Platinum,,,
2017-11-22,Nike,,Flyknit Trainers ,White Black,,,
2017-11-23,,,,,,,x
2017-11-24,,,,,,,x
2017-11-25,,,,,,x,
2017-11-26,,,,,,x,
2017-11-27,Nike,,Air Max 97,,,,
2017-11-28,Nike ,,Kobe 9 elite low,HyperGrape,,,
2017-11-29,Nike,,Phoamposite,Island Green,,,
2017-11-30,Jordan,,6,Carmine,,,
2017-12-01,,,,,x,,
2017-12-02,,,,,,x,
2017-12-03,,,,,,x,
2017-12-04,Nike,Supreme,Blazer Low,Cannon,,,
2017-12-05,Nike,,Flyknit Trainer,Oreo,,,
2017-12-06,Nike,,KD 8,Bright Crimson,,,
2017-12-07,Nike,,Air Flyknit Max,Orange Blast,,,
2017-12-08,Adidas,,Primeknit NMD R1,Gum Bottom,,,
2017-12-09,,,,,,x,
2017-12-10,,,,,,x,
2017-12-11,LL Bean ,,Boots,,,,
2017-12-12,Jordan,,10,Steel,,,
2017-12-13,Jordan,,11,Cool Grey,,,
2017-12-14,Jordan,,5,Metallic,,,
2017-12-15,Nike,Kith,Air Pippen 1,Chimera,,,
2017-12-16,,,,,,x,
2017-12-17,,,,,,x,
2017-12-18,Converse ,Come de Garcons ,Chuck Taylor,,,,
2017-12-19,Nike,,Air Max 97,,,,
2017-12-20,Nike ,,Kyrie 3,Samurai,,,
2017-12-21,Nike,,KD 10,,,,
2017-12-22,,,slippers,,,,
2017-12-23,,,,,,x,
2017-12-24,,,,,,x,
2017-12-25,,,,,,x,
2017-12-26,,,,,,x,
2017-12-27,,,,,,x,
2017-12-28,,,,,,x,
2017-12-29,,,,,,x,
2017-12-30,,,,,,x,
2017-12-31,,,,,,x,
2018-01-01,,,,,,x,
2018-01-02,LL Bean ,,boots,,,,
2018-01-03,,,,,,x,
2018-01-04,,,,,,x,
2018-01-05,,,,,,x,
2018-01-06,,,,,,x,
2018-01-07,,,,,,x,
2018-01-08,Jordan,,11,Win like 82',,,
2018-01-09,Nike,,KD 10,,,,
2018-01-10,Jordan,,1,Bred,,,
2018-01-11,Nike,,Air Max 95,Neon,,,
2018-01-12,Nike,Kanye West,Air Max 1,Master Master,,,
2018-01-13,,,,,,x,
2018-01-14,,,,,,x,
2018-01-15,,,,,x,,
2018-01-16,Nike,,Air Max 1 Anniversary,Anniversary Red,,,
2018-01-17,Nike,Skepta,Air Max 97,Multicolor,,,
2018-01-18,LL Bean ,,Boots,,,,
2018-01-19,,,,,,x,
2018-01-20,,,,,,x,
2018-01-21,,,,,,x,
2018-01-22,Nike,,Phoamposites,Royal,,,
2018-01-23,Nike,,Kyrie 2,Christmas,,,
2018-01-24,Converse ,,Chuck Taylor All Star slip low top ,,,,
2018-01-25,Jordan,,11 low,Closing Ceremony,,,
2018-01-26,Nike,,Flyknit Trainer,White Black,,,
2018-01-27,,,,,,x,
2018-01-28,,,,,,x,
2018-01-29,Danner,,Vertigo 912,,,,
2018-01-30,Nike ,,Lebron 15,Ghost ,,,
2018-01-31,,,,,x,,
2018-02-01,LL Bean ,,Boots,,,,
2018-02-02,Nike,,Kobe 9,Uuniversary Low,,,
2028-02-03,,,,,,x,
2018-02-04,,,,,,x,
2018-02-05,LL Bean ,,Boots,,,,
2018-02-06,Jordan,,10,Cool Grey,,,
2018-02-07,,,dress shoes,,,,
2018-02-08,LL Bean ,,Boots,,,,
2018-02-09,LL Bean ,,Boots,,,,
2018-02-10,,,,,,x,
2018-02-11,,,,,,x,
2018-02-12,Vans,Supreme,Sk8 hi,Checkered Blue,,,
2018-02-13,Adidas,,Giselle,,,,
2018-02-14,Nike,,Air Max 1 Aniversary,Aniversary Red,,,
2018-02-15,Nike,Supreme,Uptempo,Black,,,
2018-02-16,LL Bean ,,Boots,,,,
2018-02-17,,,,,,x,
2018-02-18,,,,,,x,
2018-02-19,,,,,,x,
2018-02-20,,,,,,x,
2018-02-21,,,,,,x,
2018-02-22,,,,,,x,
2018-02-23,,,,,,x,
2018-02-24,,,,,,x,
2018-02-25,,,,,,x,
2018-02-26,Nike,,Kyrie 4,BHM,,,
2018-02-27,Nike ,,Air Max 97,Multicolor,,,
2018-02-28,Nike,,VaporMax,Blue Navy,,,
2018-03-01,Nike,,Bruin low XLT,,,,
2018-03-02,Nike,,Cortez,,,,
2018-03-03,,,,,,x,
2018-03-04,,,,,,x,
2018-03-05,Jordan,,11,Space Jam,,,
2018-03-06,Jordan,,11,Win like 82',,,
2018-03-07,Jordan,,4,White Cement,,,
2018-03-08,LL Bean ,,Boots,,,,
2018-03-09,Jordan,,11,Space Jam,,,
2018-03-10,,,,,,x,
2018-03-11,,,,,,x,
2018-03-12,Adidas,,Stan Smith,,,,
2018-03-13,,,,,,x,
2018-03-14,,,,,,x,
2018-03-15,Adidas,,NMD R1 PrimeKnit,Gum Bottom,,,
2018-03-16,Nike,Kith,Air Pippen 1,Chimera,,,
2018-03-17,,,,,,,
2018-03-18,,,,,,,
2018-03-19,Nike,,Dunk High,Be True Syracuse,,,
2018-03-20,Nike,Off white,Air Force 1,Off White,,,
2018-03-21,Jordan,,12,French Blue,,,
2018-03-22,LL Bean ,,Boots,,,,
2018-03-24,,,,,,x,
2018-03-25,,,,,,x,
2018-03-26,Nike,,Kyrie 3,Samuri,,,
2018-03-27,Converse ,,Chuck Taylor All Star slip low top,,,,
2018-03-28,Vans,Supreme,Sk8 hi,Checkered Blue,,,
2018-03-29,Nike,,LeBron 14,Out of Nowhere,,,
2018-03-30,,,,,,,x
2018-03-31,,,,,,x,
2018-04-01,,,,,,x,
2018-04-02,Jordan,,7,Hare,,,
2018-04-03,Nike,Supreme,Blazer Low,Cannon,,,
2018-04-04,Nike ,,Air Max 1,Obsidian,,,
2018-04-05,Nike ,,VaporMax,Pure Platinum,,,
2018-04-06,Nike,,Air Max 95,Neon,,,
2018-04-07,,,,,,x,
2018-04-08,,,,,,x,
2018-04-09,Nike ,,Air Max LD Zero,,,,
2018-04-10,Nike,,SB Blazer low xt,,,,
2018-04-11,Jordan,,1,Black Toe,,,
2018-04-12,Adidas,,Campuss,,,,
2018-04-13,,,Air Max 97,Triple White,,,
2018-04-14,,,,,,x,
2018-04-15,,,,,,x,
2018-04-16,,,,,,,x
2018-04-17,,,,,,,x
2018-04-18,,,,,,,x
2018-04-19,,,,,,,x
2018-04-20,,,,,,,x
2018-04-21,,,,,,x,
2018-04-22,,,,,,x,
2018-04-23,Vans,,Authentic,,,,
2018-04-24,Nike,,Lebron 15,Ghost,,,